transaction_id,customer_name,customer_phone
TXN001,Customer_01,your phone number
TXN002,Customer_02,your phone number
TXN003,Customer_03,your phone number
TXN004,Customer_04,your phone number
TXN005,Customer_05,your phone number
TXN006,Customer_06,your phone number
TXN007,Customer_07,your phone number
TXN008,Customer_08,your phone number
TXN009,Customer_09,your phone number
TXN010,Customer_10,your phone number
TXN011,Customer_11,your phone number
TXN012,Customer_12,your phone number
TXN013,Customer_13,your phone number
TXN014,Customer_14,your phone number
TXN015,Customer_15,your phone number
TXN016,Customer_16,your phone number
TXN017,Customer_17,your phone number
TXN018,Customer_18,your phone number
TXN019,Customer_19,your phone number
TXN020,Customer_20,your phone number
TXN021,Customer_21,your phone number
TXN022,Customer_22,your phone number
TXN023,Customer_23,your phone number
TXN024,Customer_24,your phone number
TXN025,Customer_25,your phone number
TXN026,Customer_26,your phone number
TXN027,Customer_27,your phone number
TXN028,Customer_28,your phone number
TXN029,Customer_29,your phone number
TXN030,Customer_30,your phone number
TXN031,Customer_31,your phone number
TXN032,Customer_32,your phone number
TXN033,Customer_33,your phone number
TXN034,Customer_34,your phone number
TXN035,Customer_35,your phone number
TXN036,Customer_36,your phone number
TXN037,Customer_37,your phone number
TXN038,Customer_38,your phone number
TXN039,Customer_39,your phone number
TXN040,Customer_40,your phone number
TXN041,Customer_41,your phone number
TXN042,Customer_42,your phone number
TXN043,Customer_43,your phone number
TXN044,Customer_44,your phone number
TXN045,Customer_45,your phone number
TXN046,Customer_46,your phone number
TXN047,Customer_47,your phone number
TXN048,Customer_48,your phone number
TXN049,Customer_49,your phone number
TXN050,Customer_50,your phone number
TXN051,Customer_51,your phone number
TXN052,Customer_52,your phone number
TXN053,Customer_53,your phone number
TXN054,Customer_54,your phone number
TXN055,Customer_55,your phone number
TXN056,Customer_56,your phone number
TXN057,Customer_57,your phone number
TXN058,Customer_58,your phone number
TXN059,Customer_59,your phone number
TXN060,Customer_60,your phone number
TXN061,Customer_61,your phone number
TXN062,Customer_62,your phone number
TXN063,Customer_63,your phone number
TXN064,Customer_64,your phone number
TXN065,Customer_65,your phone number
TXN066,Customer_66,your phone number
TXN067,Customer_67,your phone number
TXN068,Customer_68,your phone number
TXN069,Customer_69,your phone number
TXN070,Customer_70,your phone number
TXN071,Customer_71,your phone number
TXN072,Customer_72,your phone number
TXN073,Customer_73,your phone number
TXN074,Customer_74,your phone number
TXN075,Customer_75,your phone number
TXN076,Customer_76,your phone number
TXN077,Customer_77,your phone number
TXN078,Customer_78,your phone number
TXN079,Customer_79,your phone number
TXN080,Customer_80,your phone number
TXN081,Customer_81,your phone number
TXN082,Customer_82,your phone number
TXN083,Customer_83,your phone number
TXN084,Customer_84,your phone number
TXN085,Customer_85,your phone number
TXN086,Customer_86,your phone number
TXN087,Customer_87,your phone number
TXN088,Customer_88,your phone number
TXN089,Customer_89,your phone number
TXN090,Customer_90,your phone number
TXN091,Customer_91,your phone number
TXN092,Customer_92,your phone number
TXN093,Customer_93,your phone number
TXN094,Customer_94,your phone number
TXN095,Customer_95,your phone number
TXN096,Customer_96,your phone number
TXN097,Customer_97,your phone number
TXN098,Customer_98,your phone number
TXN099,Customer_99,your phone number
TXN0100,Customer_100,your phone number
TXN0101,Customer_101,your phone number
TXN0102,Customer_102,your phone number
TXN0103,Customer_103,your phone number
TXN0104,Customer_104,your phone number
TXN0105,Customer_105,your phone number
TXN0106,Customer_106,your phone number
TXN0107,Customer_107,your phone number
TXN0108,Customer_108,your phone number
TXN0109,Customer_109,your phone number
TXN0110,Customer_110,your phone number
TXN0111,Customer_111,your phone number
TXN0112,Customer_112,your phone number
TXN0113,Customer_113,your phone number
TXN0114,Customer_114,your phone number
TXN0115,Customer_115,your phone number
TXN0116,Customer_116,your phone number
TXN0117,Customer_117,your phone number
TXN0118,Customer_118,your phone number
TXN0119,Customer_119,your phone number
TXN0120,Customer_120,your phone number
TXN0121,Customer_121,your phone number
TXN0122,Customer_122,your phone number
TXN0123,Customer_123,your phone number
TXN0124,Customer_124,your phone number
TXN0125,Customer_125,your phone number
TXN0126,Customer_126,your phone number
TXN0127,Customer_127,your phone number
TXN0128,Customer_128,your phone number
TXN0129,Customer_129,your phone number
TXN0130,Customer_130,your phone number
TXN0131,Customer_131,your phone number
TXN0132,Customer_132,your phone number
TXN0133,Customer_133,your phone number
TXN0134,Customer_134,your phone number
TXN0135,Customer_135,your phone number
TXN0136,Customer_136,your phone number
TXN0137,Customer_137,your phone number
TXN0138,Customer_138,your phone number
TXN0139,Customer_139,your phone number
TXN0140,Customer_140,your phone number
TXN0141,Customer_141,your phone number
TXN0142,Customer_142,your phone number
TXN0143,Customer_143,your phone number
TXN0144,Customer_144,your phone number
TXN0145,Customer_145,your phone number
TXN0146,Customer_146,your phone number
TXN0147,Customer_147,your phone number
TXN0148,Customer_148,your phone number
TXN0149,Customer_149,your phone number
TXN0150,Customer_150,your phone number
TXN0151,Customer_151,your phone number
TXN0152,Customer_152,your phone number
TXN0153,Customer_153,your phone number
TXN0154,Customer_154,your phone number
TXN0155,Customer_155,your phone number
TXN0156,Customer_156,your phone number
TXN0157,Customer_157,your phone number
TXN0158,Customer_158,your phone number
TXN0159,Customer_159,your phone number
TXN0160,Customer_160,your phone number
TXN0161,Customer_161,your phone number
TXN0162,Customer_162,your phone number
TXN0163,Customer_163,your phone number
TXN0164,Customer_164,your phone number
TXN0165,Customer_165,your phone number
TXN0166,Customer_166,your phone number
TXN0167,Customer_167,your phone number
TXN0168,Customer_168,your phone number
TXN0169,Customer_169,your phone number
TXN0170,Customer_170,your phone number
TXN0171,Customer_171,your phone number
TXN0172,Customer_172,your phone number
TXN0173,Customer_173,your phone number
TXN0174,Customer_174,your phone number
TXN0175,Customer_175,your phone number
TXN0176,Customer_176,your phone number
TXN0177,Customer_177,your phone number
TXN0178,Customer_178,your phone number
TXN0179,Customer_179,your phone number
TXN0180,Customer_180,your phone number
TXN0181,Customer_181,your phone number
TXN0182,Customer_182,your phone number
TXN0183,Customer_183,your phone number
TXN0184,Customer_184,your phone number
TXN0185,Customer_185,your phone number
TXN0186,Customer_186,your phone number
TXN0187,Customer_187,your phone number
TXN0188,Customer_188,your phone number
TXN0189,Customer_189,your phone number
TXN0190,Customer_190,your phone number
TXN0191,Customer_191,your phone number
TXN0192,Customer_192,your phone number
TXN0193,Customer_193,your phone number
TXN0194,Customer_194,your phone number
TXN0195,Customer_195,your phone number
TXN0196,Customer_196,your phone number
TXN0197,Customer_197,your phone number
TXN0198,Customer_198,your phone number
TXN0199,Customer_199,your phone number
TXN0200,Customer_200,your phone number
TXN0201,Customer_201,your phone number
TXN0202,Customer_202,your phone number
TXN0203,Customer_203,your phone number
TXN0204,Customer_204,your phone number
TXN0205,Customer_205,your phone number
TXN0206,Customer_206,your phone number
TXN0207,Customer_207,your phone number
TXN0208,Customer_208,your phone number
TXN0209,Customer_209,your phone number
TXN0210,Customer_210,your phone number
TXN0211,Customer_211,your phone number
TXN0212,Customer_212,your phone number
TXN0213,Customer_213,your phone number
TXN0214,Customer_214,your phone number
TXN0215,Customer_215,your phone number
TXN0216,Customer_216,your phone number
TXN0217,Customer_217,your phone number
TXN0218,Customer_218,your phone number
TXN0219,Customer_219,your phone number
TXN0220,Customer_220,your phone number
TXN0221,Customer_221,your phone number
TXN0222,Customer_222,your phone number
TXN0223,Customer_223,your phone number
TXN0224,Customer_224,your phone number
TXN0225,Customer_225,your phone number
TXN0226,Customer_226,your phone number
TXN0227,Customer_227,your phone number
TXN0228,Customer_228,your phone number
TXN0229,Customer_229,your phone number
TXN0230,Customer_230,your phone number
TXN0231,Customer_231,your phone number
TXN0232,Customer_232,your phone number
TXN0233,Customer_233,your phone number
TXN0234,Customer_234,your phone number
TXN0235,Customer_235,your phone number
TXN0236,Customer_236,your phone number
TXN0237,Customer_237,your phone number
TXN0238,Customer_238,your phone number
TXN0239,Customer_239,your phone number
TXN0240,Customer_240,your phone number
TXN0241,Customer_241,your phone number
TXN0242,Customer_242,your phone number
TXN0243,Customer_243,your phone number
TXN0244,Customer_244,your phone number
TXN0245,Customer_245,your phone number
TXN0246,Customer_246,your phone number
TXN0247,Customer_247,your phone number
TXN0248,Customer_248,your phone number
TXN0249,Customer_249,your phone number
TXN0250,Customer_250,your phone number
TXN0251,Customer_251,your phone number
TXN0252,Customer_252,your phone number
TXN0253,Customer_253,your phone number
TXN0254,Customer_254,your phone number
TXN0255,Customer_255,your phone number
TXN0256,Customer_256,your phone number
TXN0257,Customer_257,your phone number
TXN0258,Customer_258,your phone number
TXN0259,Customer_259,your phone number
TXN0260,Customer_260,your phone number
TXN0261,Customer_261,your phone number
TXN0262,Customer_262,your phone number
TXN0263,Customer_263,your phone number
TXN0264,Customer_264,your phone number
TXN0265,Customer_265,your phone number
TXN0266,Customer_266,your phone number
TXN0267,Customer_267,your phone number
TXN0268,Customer_268,your phone number
TXN0269,Customer_269,your phone number
TXN0270,Customer_270,your phone number
TXN0271,Customer_271,your phone number
TXN0272,Customer_272,your phone number
TXN0273,Customer_273,your phone number
TXN0274,Customer_274,your phone number
TXN0275,Customer_275,your phone number
TXN0276,Customer_276,your phone number
TXN0277,Customer_277,your phone number
TXN0278,Customer_278,your phone number
TXN0279,Customer_279,your phone number
TXN0280,Customer_280,your phone number
TXN0281,Customer_281,your phone number
TXN0282,Customer_282,your phone number
TXN0283,Customer_283,your phone number
TXN0284,Customer_284,your phone number
TXN0285,Customer_285,your phone number
TXN0286,Customer_286,your phone number
TXN0287,Customer_287,your phone number
TXN0288,Customer_288,your phone number
TXN0289,Customer_289,your phone number
TXN0290,Customer_290,your phone number
TXN0291,Customer_291,your phone number
TXN0292,Customer_292,your phone number
TXN0293,Customer_293,your phone number
TXN0294,Customer_294,your phone number
TXN0295,Customer_295,your phone number
TXN0296,Customer_296,your phone number
TXN0297,Customer_297,your phone number
TXN0298,Customer_298,your phone number
TXN0299,Customer_299,your phone number
TXN0300,Customer_300,your phone number
TXN0301,Customer_301,your phone number
TXN0302,Customer_302,your phone number
TXN0303,Customer_303,your phone number
TXN0304,Customer_304,your phone number
TXN0305,Customer_305,your phone number
TXN0306,Customer_306,your phone number
TXN0307,Customer_307,your phone number
TXN0308,Customer_308,your phone number
TXN0309,Customer_309,your phone number
TXN0310,Customer_310,your phone number
TXN0311,Customer_311,your phone number
TXN0312,Customer_312,your phone number
TXN0313,Customer_313,your phone number
TXN0314,Customer_314,your phone number
TXN0315,Customer_315,your phone number
TXN0316,Customer_316,your phone number
TXN0317,Customer_317,your phone number
TXN0318,Customer_318,your phone number
TXN0319,Customer_319,your phone number
TXN0320,Customer_320,your phone number
TXN0321,Customer_321,your phone number
TXN0322,Customer_322,your phone number
TXN0323,Customer_323,your phone number
TXN0324,Customer_324,your phone number
TXN0325,Customer_325,your phone number
TXN0326,Customer_326,your phone number
TXN0327,Customer_327,your phone number
TXN0328,Customer_328,your phone number
TXN0329,Customer_329,your phone number
TXN0330,Customer_330,your phone number
TXN0331,Customer_331,your phone number
TXN0332,Customer_332,your phone number
TXN0333,Customer_333,your phone number
TXN0334,Customer_334,your phone number
TXN0335,Customer_335,your phone number
TXN0336,Customer_336,your phone number
TXN0337,Customer_337,your phone number
TXN0338,Customer_338,your phone number
TXN0339,Customer_339,your phone number
TXN0340,Customer_340,your phone number
TXN0341,Customer_341,your phone number
TXN0342,Customer_342,your phone number
TXN0343,Customer_343,your phone number
TXN0344,Customer_344,your phone number
TXN0345,Customer_345,your phone number
TXN0346,Customer_346,your phone number
TXN0347,Customer_347,your phone number
TXN0348,Customer_348,your phone number
TXN0349,Customer_349,your phone number
TXN0350,Customer_350,your phone number
TXN0351,Customer_351,your phone number
TXN0352,Customer_352,your phone number
TXN0353,Customer_353,your phone number
TXN0354,Customer_354,your phone number
TXN0355,Customer_355,your phone number
TXN0356,Customer_356,your phone number
TXN0357,Customer_357,your phone number
TXN0358,Customer_358,your phone number
TXN0359,Customer_359,your phone number
TXN0360,Customer_360,your phone number
TXN0361,Customer_361,your phone number
TXN0362,Customer_362,your phone number
TXN0363,Customer_363,your phone number
TXN0364,Customer_364,your phone number
TXN0365,Customer_365,your phone number
TXN0366,Customer_366,your phone number
TXN0367,Customer_367,your phone number
TXN0368,Customer_368,your phone number
TXN0369,Customer_369,your phone number
TXN0370,Customer_370,your phone number
TXN0371,Customer_371,your phone number
TXN0372,Customer_372,your phone number
TXN0373,Customer_373,your phone number
TXN0374,Customer_374,your phone number
TXN0375,Customer_375,your phone number
TXN0376,Customer_376,your phone number
TXN0377,Customer_377,your phone number
TXN0378,Customer_378,your phone number
TXN0379,Customer_379,your phone number
TXN0380,Customer_380,your phone number
TXN0381,Customer_381,your phone number
TXN0382,Customer_382,your phone number
TXN0383,Customer_383,your phone number
TXN0384,Customer_384,your phone number
TXN0385,Customer_385,your phone number
TXN0386,Customer_386,your phone number
TXN0387,Customer_387,your phone number
TXN0388,Customer_388,your phone number
TXN0389,Customer_389,your phone number
TXN0390,Customer_390,your phone number
TXN0391,Customer_391,your phone number
TXN0392,Customer_392,your phone number
TXN0393,Customer_393,your phone number
TXN0394,Customer_394,your phone number
TXN0395,Customer_395,your phone number
TXN0396,Customer_396,your phone number
TXN0397,Customer_397,your phone number
TXN0398,Customer_398,your phone number
TXN0399,Customer_399,your phone number
TXN0400,Customer_400,your phone number
TXN0401,Customer_401,your phone number
TXN0402,Customer_402,your phone number
TXN0403,Customer_403,your phone number
TXN0404,Customer_404,your phone number
TXN0405,Customer_405,your phone number
TXN0406,Customer_406,your phone number
TXN0407,Customer_407,your phone number
TXN0408,Customer_408,your phone number
TXN0409,Customer_409,your phone number
TXN0410,Customer_410,your phone number
TXN0411,Customer_411,your phone number
TXN0412,Customer_412,your phone number
TXN0413,Customer_413,your phone number
TXN0414,Customer_414,your phone number
TXN0415,Customer_415,your phone number
TXN0416,Customer_416,your phone number
TXN0417,Customer_417,your phone number
TXN0418,Customer_418,your phone number
TXN0419,Customer_419,your phone number
TXN0420,Customer_420,your phone number
TXN0421,Customer_421,your phone number
TXN0422,Customer_422,your phone number
TXN0423,Customer_423,your phone number
TXN0424,Customer_424,your phone number
TXN0425,Customer_425,your phone number
TXN0426,Customer_426,your phone number
TXN0427,Customer_427,your phone number
TXN0428,Customer_428,your phone number
TXN0429,Customer_429,your phone number
TXN0430,Customer_430,your phone number
TXN0431,Customer_431,your phone number
TXN0432,Customer_432,your phone number
TXN0433,Customer_433,your phone number
TXN0434,Customer_434,your phone number
TXN0435,Customer_435,your phone number
TXN0436,Customer_436,your phone number
TXN0437,Customer_437,your phone number
TXN0438,Customer_438,your phone number
TXN0439,Customer_439,your phone number
TXN0440,Customer_440,your phone number
TXN0441,Customer_441,your phone number
TXN0442,Customer_442,your phone number
TXN0443,Customer_443,your phone number
TXN0444,Customer_444,your phone number
TXN0445,Customer_445,your phone number
TXN0446,Customer_446,your phone number
TXN0447,Customer_447,your phone number
TXN0448,Customer_448,your phone number
TXN0449,Customer_449,your phone number
TXN0450,Customer_450,your phone number
TXN0451,Customer_451,your phone number
TXN0452,Customer_452,your phone number
TXN0453,Customer_453,your phone number
TXN0454,Customer_454,your phone number
TXN0455,Customer_455,your phone number
TXN0456,Customer_456,your phone number
TXN0457,Customer_457,your phone number
TXN0458,Customer_458,your phone number
TXN0459,Customer_459,your phone number
TXN0460,Customer_460,your phone number
TXN0461,Customer_461,your phone number
TXN0462,Customer_462,your phone number
TXN0463,Customer_463,your phone number
TXN0464,Customer_464,your phone number
TXN0465,Customer_465,your phone number
TXN0466,Customer_466,your phone number
TXN0467,Customer_467,your phone number
TXN0468,Customer_468,your phone number
TXN0469,Customer_469,your phone number
TXN0470,Customer_470,your phone number
TXN0471,Customer_471,your phone number
TXN0472,Customer_472,your phone number
TXN0473,Customer_473,your phone number
TXN0474,Customer_474,your phone number
TXN0475,Customer_475,your phone number
TXN0476,Customer_476,your phone number
TXN0477,Customer_477,your phone number
TXN0478,Customer_478,your phone number
TXN0479,Customer_479,your phone number
TXN0480,Customer_480,your phone number
TXN0481,Customer_481,your phone number
TXN0482,Customer_482,your phone number
TXN0483,Customer_483,your phone number
TXN0484,Customer_484,your phone number
TXN0485,Customer_485,your phone number
TXN0486,Customer_486,your phone number
TXN0487,Customer_487,your phone number
TXN0488,Customer_488,your phone number
TXN0489,Customer_489,your phone number
TXN0490,Customer_490,your phone number
TXN0491,Customer_491,your phone number
TXN0492,Customer_492,your phone number
TXN0493,Customer_493,your phone number
TXN0494,Customer_494,your phone number
TXN0495,Customer_495,your phone number
TXN0496,Customer_496,your phone number
TXN0497,Customer_497,your phone number
TXN0498,Customer_498,your phone number
TXN0499,Customer_499,your phone number
TXN0500,Customer_500,your phone number
TXN0501,Customer_501,your phone number
TXN0502,Customer_502,your phone number
TXN0503,Customer_503,your phone number
TXN0504,Customer_504,your phone number
TXN0505,Customer_505,your phone number
TXN0506,Customer_506,your phone number
TXN0507,Customer_507,your phone number
TXN0508,Customer_508,your phone number
TXN0509,Customer_509,your phone number
TXN0510,Customer_510,your phone number
TXN0511,Customer_511,your phone number
TXN0512,Customer_512,your phone number
TXN0513,Customer_513,your phone number
TXN0514,Customer_514,your phone number
TXN0515,Customer_515,your phone number
TXN0516,Customer_516,your phone number
TXN0517,Customer_517,your phone number
TXN0518,Customer_518,your phone number
TXN0519,Customer_519,your phone number
TXN0520,Customer_520,your phone number
TXN0521,Customer_521,your phone number
TXN0522,Customer_522,your phone number
TXN0523,Customer_523,your phone number
TXN0524,Customer_524,your phone number
TXN0525,Customer_525,your phone number
TXN0526,Customer_526,your phone number
TXN0527,Customer_527,your phone number
TXN0528,Customer_528,your phone number
TXN0529,Customer_529,your phone number
TXN0530,Customer_530,your phone number
TXN0531,Customer_531,your phone number
TXN0532,Customer_532,your phone number
TXN0533,Customer_533,your phone number
TXN0534,Customer_534,your phone number
TXN0535,Customer_535,your phone number
TXN0536,Customer_536,your phone number
TXN0537,Customer_537,your phone number
TXN0538,Customer_538,your phone number
TXN0539,Customer_539,your phone number
TXN0540,Customer_540,your phone number
TXN0541,Customer_541,your phone number
TXN0542,Customer_542,your phone number
TXN0543,Customer_543,your phone number
TXN0544,Customer_544,your phone number
TXN0545,Customer_545,your phone number
TXN0546,Customer_546,your phone number
TXN0547,Customer_547,your phone number
TXN0548,Customer_548,your phone number
TXN0549,Customer_549,your phone number
TXN0550,Customer_550,your phone number
TXN0551,Customer_551,your phone number
TXN0552,Customer_552,your phone number
TXN0553,Customer_553,your phone number
TXN0554,Customer_554,your phone number
TXN0555,Customer_555,your phone number
TXN0556,Customer_556,your phone number
TXN0557,Customer_557,your phone number
TXN0558,Customer_558,your phone number
TXN0559,Customer_559,your phone number
TXN0560,Customer_560,your phone number
TXN0561,Customer_561,your phone number
TXN0562,Customer_562,your phone number
TXN0563,Customer_563,your phone number
TXN0564,Customer_564,your phone number
TXN0565,Customer_565,your phone number
TXN0566,Customer_566,your phone number
TXN0567,Customer_567,your phone number
TXN0568,Customer_568,your phone number
TXN0569,Customer_569,your phone number
TXN0570,Customer_570,your phone number
TXN0571,Customer_571,your phone number
TXN0572,Customer_572,your phone number
TXN0573,Customer_573,your phone number
TXN0574,Customer_574,your phone number
TXN0575,Customer_575,your phone number
TXN0576,Customer_576,your phone number
TXN0577,Customer_577,your phone number
TXN0578,Customer_578,your phone number
TXN0579,Customer_579,your phone number
TXN0580,Customer_580,your phone number
TXN0581,Customer_581,your phone number
TXN0582,Customer_582,your phone number
TXN0583,Customer_583,your phone number
TXN0584,Customer_584,your phone number
TXN0585,Customer_585,your phone number
TXN0586,Customer_586,your phone number
TXN0587,Customer_587,your phone number
TXN0588,Customer_588,your phone number
TXN0589,Customer_589,your phone number
TXN0590,Customer_590,your phone number
TXN0591,Customer_591,your phone number
TXN0592,Customer_592,your phone number
TXN0593,Customer_593,your phone number
TXN0594,Customer_594,your phone number
TXN0595,Customer_595,your phone number
TXN0596,Customer_596,your phone number
TXN0597,Customer_597,your phone number
TXN0598,Customer_598,your phone number
TXN0599,Customer_599,your phone number
TXN0600,Customer_600,your phone number
TXN0601,Customer_601,your phone number
TXN0602,Customer_602,your phone number
TXN0603,Customer_603,your phone number
TXN0604,Customer_604,your phone number
TXN0605,Customer_605,your phone number
TXN0606,Customer_606,your phone number
TXN0607,Customer_607,your phone number
TXN0608,Customer_608,your phone number
TXN0609,Customer_609,your phone number
TXN0610,Customer_610,your phone number
TXN0611,Customer_611,your phone number
TXN0612,Customer_612,your phone number
TXN0613,Customer_613,your phone number
TXN0614,Customer_614,your phone number
TXN0615,Customer_615,your phone number
TXN0616,Customer_616,your phone number
TXN0617,Customer_617,your phone number
TXN0618,Customer_618,your phone number
TXN0619,Customer_619,your phone number
TXN0620,Customer_620,your phone number
TXN0621,Customer_621,your phone number
TXN0622,Customer_622,your phone number
TXN0623,Customer_623,your phone number
TXN0624,Customer_624,your phone number
TXN0625,Customer_625,your phone number
TXN0626,Customer_626,your phone number
TXN0627,Customer_627,your phone number
TXN0628,Customer_628,your phone number
TXN0629,Customer_629,your phone number
TXN0630,Customer_630,your phone number
TXN0631,Customer_631,your phone number
TXN0632,Customer_632,your phone number
TXN0633,Customer_633,your phone number
TXN0634,Customer_634,your phone number
TXN0635,Customer_635,your phone number
TXN0636,Customer_636,your phone number
TXN0637,Customer_637,your phone number
TXN0638,Customer_638,your phone number
TXN0639,Customer_639,your phone number
TXN0640,Customer_640,your phone number
TXN0641,Customer_641,your phone number
TXN0642,Customer_642,your phone number
TXN0643,Customer_643,your phone number
TXN0644,Customer_644,your phone number
TXN0645,Customer_645,your phone number
TXN0646,Customer_646,your phone number
TXN0647,Customer_647,your phone number
TXN0648,Customer_648,your phone number
TXN0649,Customer_649,your phone number
TXN0650,Customer_650,your phone number
TXN0651,Customer_651,your phone number
TXN0652,Customer_652,your phone number
TXN0653,Customer_653,your phone number
TXN0654,Customer_654,your phone number
TXN0655,Customer_655,your phone number
TXN0656,Customer_656,your phone number
TXN0657,Customer_657,your phone number
TXN0658,Customer_658,your phone number
TXN0659,Customer_659,your phone number
TXN0660,Customer_660,your phone number
TXN0661,Customer_661,your phone number
TXN0662,Customer_662,your phone number
TXN0663,Customer_663,your phone number
TXN0664,Customer_664,your phone number
TXN0665,Customer_665,your phone number
TXN0666,Customer_666,your phone number
TXN0667,Customer_667,your phone number
TXN0668,Customer_668,your phone number
TXN0669,Customer_669,your phone number
TXN0670,Customer_670,your phone number
TXN0671,Customer_671,your phone number
TXN0672,Customer_672,your phone number
TXN0673,Customer_673,your phone number
TXN0674,Customer_674,your phone number
TXN0675,Customer_675,your phone number
TXN0676,Customer_676,your phone number
TXN0677,Customer_677,your phone number
TXN0678,Customer_678,your phone number
TXN0679,Customer_679,your phone number
TXN0680,Customer_680,your phone number
TXN0681,Customer_681,your phone number
TXN0682,Customer_682,your phone number
TXN0683,Customer_683,your phone number
TXN0684,Customer_684,your phone number
TXN0685,Customer_685,your phone number
TXN0686,Customer_686,your phone number
TXN0687,Customer_687,your phone number
TXN0688,Customer_688,your phone number
TXN0689,Customer_689,your phone number
TXN0690,Customer_690,your phone number
TXN0691,Customer_691,your phone number
TXN0692,Customer_692,your phone number
TXN0693,Customer_693,your phone number
TXN0694,Customer_694,your phone number
TXN0695,Customer_695,your phone number
TXN0696,Customer_696,your phone number
TXN0697,Customer_697,your phone number
TXN0698,Customer_698,your phone number
TXN0699,Customer_699,your phone number
TXN0700,Customer_700,your phone number
TXN0701,Customer_701,your phone number
TXN0702,Customer_702,your phone number
TXN0703,Customer_703,your phone number
TXN0704,Customer_704,your phone number
TXN0705,Customer_705,your phone number
TXN0706,Customer_706,your phone number
TXN0707,Customer_707,your phone number
TXN0708,Customer_708,your phone number
TXN0709,Customer_709,your phone number
TXN0710,Customer_710,your phone number
TXN0711,Customer_711,your phone number
TXN0712,Customer_712,your phone number
TXN0713,Customer_713,your phone number
TXN0714,Customer_714,your phone number
TXN0715,Customer_715,your phone number
TXN0716,Customer_716,your phone number
TXN0717,Customer_717,your phone number
TXN0718,Customer_718,your phone number
TXN0719,Customer_719,your phone number
TXN0720,Customer_720,your phone number
TXN0721,Customer_721,your phone number
TXN0722,Customer_722,your phone number
TXN0723,Customer_723,your phone number
TXN0724,Customer_724,your phone number
TXN0725,Customer_725,your phone number
TXN0726,Customer_726,your phone number
TXN0727,Customer_727,your phone number
TXN0728,Customer_728,your phone number
TXN0729,Customer_729,your phone number
TXN0730,Customer_730,your phone number
TXN0731,Customer_731,your phone number
TXN0732,Customer_732,your phone number
TXN0733,Customer_733,your phone number
TXN0734,Customer_734,your phone number
TXN0735,Customer_735,your phone number
TXN0736,Customer_736,your phone number
TXN0737,Customer_737,your phone number
TXN0738,Customer_738,your phone number
TXN0739,Customer_739,your phone number
TXN0740,Customer_740,your phone number
TXN0741,Customer_741,your phone number
TXN0742,Customer_742,your phone number
TXN0743,Customer_743,your phone number
TXN0744,Customer_744,your phone number
TXN0745,Customer_745,your phone number
TXN0746,Customer_746,your phone number
TXN0747,Customer_747,your phone number
TXN0748,Customer_748,your phone number
TXN0749,Customer_749,your phone number
TXN0750,Customer_750,your phone number
TXN0751,Customer_751,your phone number
TXN0752,Customer_752,your phone number
TXN0753,Customer_753,your phone number
TXN0754,Customer_754,your phone number
TXN0755,Customer_755,your phone number
TXN0756,Customer_756,your phone number
TXN0757,Customer_757,your phone number
TXN0758,Customer_758,your phone number
TXN0759,Customer_759,your phone number
TXN0760,Customer_760,your phone number
TXN0761,Customer_761,your phone number
TXN0762,Customer_762,your phone number
TXN0763,Customer_763,your phone number
TXN0764,Customer_764,your phone number
TXN0765,Customer_765,your phone number
TXN0766,Customer_766,your phone number
TXN0767,Customer_767,your phone number
TXN0768,Customer_768,your phone number
TXN0769,Customer_769,your phone number
TXN0770,Customer_770,your phone number
TXN0771,Customer_771,your phone number
TXN0772,Customer_772,your phone number
TXN0773,Customer_773,your phone number
TXN0774,Customer_774,your phone number
TXN0775,Customer_775,your phone number
TXN0776,Customer_776,your phone number
TXN0777,Customer_777,your phone number
TXN0778,Customer_778,your phone number
TXN0779,Customer_779,your phone number
TXN0780,Customer_780,your phone number
TXN0781,Customer_781,your phone number
TXN0782,Customer_782,your phone number
TXN0783,Customer_783,your phone number
TXN0784,Customer_784,your phone number
TXN0785,Customer_785,your phone number
TXN0786,Customer_786,your phone number
TXN0787,Customer_787,your phone number
TXN0788,Customer_788,your phone number
TXN0789,Customer_789,your phone number
TXN0790,Customer_790,your phone number
TXN0791,Customer_791,your phone number
TXN0792,Customer_792,your phone number
TXN0793,Customer_793,your phone number
TXN0794,Customer_794,your phone number
TXN0795,Customer_795,your phone number
TXN0796,Customer_796,your phone number
TXN0797,Customer_797,your phone number
TXN0798,Customer_798,your phone number
TXN0799,Customer_799,your phone number
TXN0800,Customer_800,your phone number
TXN0801,Customer_801,your phone number
TXN0802,Customer_802,your phone number
TXN0803,Customer_803,your phone number
TXN0804,Customer_804,your phone number
TXN0805,Customer_805,your phone number
TXN0806,Customer_806,your phone number
TXN0807,Customer_807,your phone number
TXN0808,Customer_808,your phone number
TXN0809,Customer_809,your phone number
TXN0810,Customer_810,your phone number
TXN0811,Customer_811,your phone number
TXN0812,Customer_812,your phone number
TXN0813,Customer_813,your phone number
TXN0814,Customer_814,your phone number
TXN0815,Customer_815,your phone number
TXN0816,Customer_816,your phone number
TXN0817,Customer_817,your phone number
TXN0818,Customer_818,your phone number
TXN0819,Customer_819,your phone number
TXN0820,Customer_820,your phone number
TXN0821,Customer_821,your phone number
TXN0822,Customer_822,your phone number
TXN0823,Customer_823,your phone number
TXN0824,Customer_824,your phone number
TXN0825,Customer_825,your phone number
TXN0826,Customer_826,your phone number
TXN0827,Customer_827,your phone number
TXN0828,Customer_828,your phone number
TXN0829,Customer_829,your phone number
TXN0830,Customer_830,your phone number
TXN0831,Customer_831,your phone number
TXN0832,Customer_832,your phone number
TXN0833,Customer_833,your phone number
TXN0834,Customer_834,your phone number
TXN0835,Customer_835,your phone number
TXN0836,Customer_836,your phone number
TXN0837,Customer_837,your phone number
TXN0838,Customer_838,your phone number
TXN0839,Customer_839,your phone number
TXN0840,Customer_840,your phone number
TXN0841,Customer_841,your phone number
TXN0842,Customer_842,your phone number
TXN0843,Customer_843,your phone number
TXN0844,Customer_844,your phone number
TXN0845,Customer_845,your phone number
TXN0846,Customer_846,your phone number
TXN0847,Customer_847,your phone number
TXN0848,Customer_848,your phone number
TXN0849,Customer_849,your phone number
TXN0850,Customer_850,your phone number
TXN0851,Customer_851,your phone number
TXN0852,Customer_852,your phone number
TXN0853,Customer_853,your phone number
TXN0854,Customer_854,your phone number
TXN0855,Customer_855,your phone number
TXN0856,Customer_856,your phone number
TXN0857,Customer_857,your phone number
TXN0858,Customer_858,your phone number
TXN0859,Customer_859,your phone number
TXN0860,Customer_860,your phone number
TXN0861,Customer_861,your phone number
TXN0862,Customer_862,your phone number
TXN0863,Customer_863,your phone number
TXN0864,Customer_864,your phone number
TXN0865,Customer_865,your phone number
TXN0866,Customer_866,your phone number
TXN0867,Customer_867,your phone number
TXN0868,Customer_868,your phone number
TXN0869,Customer_869,your phone number
TXN0870,Customer_870,your phone number
TXN0871,Customer_871,your phone number
TXN0872,Customer_872,your phone number
TXN0873,Customer_873,your phone number
TXN0874,Customer_874,your phone number
TXN0875,Customer_875,your phone number
TXN0876,Customer_876,your phone number
TXN0877,Customer_877,your phone number
TXN0878,Customer_878,your phone number
TXN0879,Customer_879,your phone number
TXN0880,Customer_880,your phone number
TXN0881,Customer_881,your phone number
TXN0882,Customer_882,your phone number
TXN0883,Customer_883,your phone number
TXN0884,Customer_884,your phone number
TXN0885,Customer_885,your phone number
TXN0886,Customer_886,your phone number
TXN0887,Customer_887,your phone number
TXN0888,Customer_888,your phone number
TXN0889,Customer_889,your phone number
TXN0890,Customer_890,your phone number
TXN0891,Customer_891,your phone number
TXN0892,Customer_892,your phone number
TXN0893,Customer_893,your phone number
TXN0894,Customer_894,your phone number
TXN0895,Customer_895,your phone number
TXN0896,Customer_896,your phone number
TXN0897,Customer_897,your phone number
TXN0898,Customer_898,your phone number
TXN0899,Customer_899,your phone number
TXN0900,Customer_900,your phone number
TXN0901,Customer_901,your phone number
TXN0902,Customer_902,your phone number
TXN0903,Customer_903,your phone number
TXN0904,Customer_904,your phone number
TXN0905,Customer_905,your phone number
TXN0906,Customer_906,your phone number
TXN0907,Customer_907,your phone number
TXN0908,Customer_908,your phone number
TXN0909,Customer_909,your phone number
TXN0910,Customer_910,your phone number
TXN0911,Customer_911,your phone number
TXN0912,Customer_912,your phone number
TXN0913,Customer_913,your phone number
TXN0914,Customer_914,your phone number
TXN0915,Customer_915,your phone number
TXN0916,Customer_916,your phone number
TXN0917,Customer_917,your phone number
TXN0918,Customer_918,your phone number
TXN0919,Customer_919,your phone number
TXN0920,Customer_920,your phone number
TXN0921,Customer_921,your phone number
TXN0922,Customer_922,your phone number
TXN0923,Customer_923,your phone number
TXN0924,Customer_924,your phone number
TXN0925,Customer_925,your phone number
TXN0926,Customer_926,your phone number
TXN0927,Customer_927,your phone number
TXN0928,Customer_928,your phone number
TXN0929,Customer_929,your phone number
TXN0930,Customer_930,your phone number
TXN0931,Customer_931,your phone number
TXN0932,Customer_932,your phone number
TXN0933,Customer_933,your phone number
TXN0934,Customer_934,your phone number
TXN0935,Customer_935,your phone number
TXN0936,Customer_936,your phone number
TXN0937,Customer_937,your phone number
TXN0938,Customer_938,your phone number
TXN0939,Customer_939,your phone number
TXN0940,Customer_940,your phone number
TXN0941,Customer_941,your phone number
TXN0942,Customer_942,your phone number
TXN0943,Customer_943,your phone number
TXN0944,Customer_944,your phone number
TXN0945,Customer_945,your phone number
TXN0946,Customer_946,your phone number
TXN0947,Customer_947,your phone number
TXN0948,Customer_948,your phone number
TXN0949,Customer_949,your phone number
TXN0950,Customer_950,your phone number
TXN0951,Customer_951,your phone number
TXN0952,Customer_952,your phone number
TXN0953,Customer_953,your phone number
TXN0954,Customer_954,your phone number
TXN0955,Customer_955,your phone number
TXN0956,Customer_956,your phone number
TXN0957,Customer_957,your phone number
TXN0958,Customer_958,your phone number
TXN0959,Customer_959,your phone number
TXN0960,Customer_960,your phone number
TXN0961,Customer_961,your phone number
TXN0962,Customer_962,your phone number
TXN0963,Customer_963,your phone number
TXN0964,Customer_964,your phone number
TXN0965,Customer_965,your phone number
TXN0966,Customer_966,your phone number
TXN0967,Customer_967,your phone number
TXN0968,Customer_968,your phone number
TXN0969,Customer_969,your phone number
TXN0970,Customer_970,your phone number
TXN0971,Customer_971,your phone number
TXN0972,Customer_972,your phone number
TXN0973,Customer_973,your phone number
TXN0974,Customer_974,your phone number
TXN0975,Customer_975,your phone number
TXN0976,Customer_976,your phone number
TXN0977,Customer_977,your phone number
TXN0978,Customer_978,your phone number
TXN0979,Customer_979,your phone number
TXN0980,Customer_980,your phone number
TXN0981,Customer_981,your phone number
TXN0982,Customer_982,your phone number
TXN0983,Customer_983,your phone number
TXN0984,Customer_984,your phone number
TXN0985,Customer_985,your phone number
TXN0986,Customer_986,your phone number
TXN0987,Customer_987,your phone number
TXN0988,Customer_988,your phone number
TXN0989,Customer_989,your phone number
TXN0990,Customer_990,your phone number
TXN0991,Customer_991,your phone number
TXN0992,Customer_992,your phone number
TXN0993,Customer_993,your phone number
TXN0994,Customer_994,your phone number
TXN0995,Customer_995,your phone number
TXN0996,Customer_996,your phone number
TXN0997,Customer_997,your phone number
TXN0998,Customer_998,your phone number
TXN0999,Customer_999,your phone number
TXN1000,Customer_1000,your phone number
